fonKodu,raporTarihi,kiymetAdi,kiymetAdiHam,bistKodu,ihracci,isin,tur,nominal,rayicDeger,agirlik,kurucuDuzeni,kaynak,listeTam,satirTuru,veriGunu,raporBasligi
PBN,2026-09,TAPDİ OKSİJEN ÖZEL SAĞLIK VE EĞİTİM HİZMETLE Rİ SANAYİ TİCARET A.Ş.,TNZTP TAPDİ OKSİJEN ÖZEL SAĞLIK VE EĞİTİM TRETAPD00019 HİZMETLE Rİ SANAYİ TİCARET A.Ş.,TNZTP,TAPDİ OKSİJEN ÖZEL SAĞLIK VE EĞİTİM HİZMETLE Rİ SANAYİ TİCARET A.Ş.,TRETAPD00019,Hisse Türk,13617335.7,393541001.87,88.8,standart,kap,true,pozisyon,2026-09-25,2025-05
PBN,2026-09,Nakit Teminatı,VIOP Nakit Teminatı,,Nakit Teminatı,,VIOP Nakit Teminatı,7248626.22,7248626.22,1.64,standart,kap,true,pozisyon,2026-09-25,2025-05
PBN,2026-09,PİRAMİT PORTFÖY YÖNETİMİ A.Ş.,PHI - PİRAMİT PİRAMİT PORTFÖY HİSSE PORTFÖY SENEDİ FONU YÖNETİMİ TRYPRMT00053 (HİSSE SENEDİ A.Ş. YOĞUN FON),,PİRAMİT PORTFÖY YÖNETİMİ A.Ş.,TRYPRMT00053,Y.Fonu Türk,2414000.0,3611838.87,0.82,standart,kap,true,pozisyon,2026-09-25,2025-05
PBN,2026-09,PİRAMİT PORTFÖY YÖNETİMİ A.Ş.,PID - PİRAMİT PİRAMİT PORTFÖY DEĞİŞKEN PORTFÖY TRYPRMT00046 FON YÖNETİMİ A.Ş.,,PİRAMİT PORTFÖY YÖNETİMİ A.Ş.,TRYPRMT00046,Y.Fonu Türk,10563826.0,19826801.34,4.47,standart,kap,true,pozisyon,2026-09-25,2025-05
PBN,2026-09,PİRAMİT PORTFÖY YÖNETİMİ A.Ş.,PRD - PİRAMİT PİRAMİT PORTFÖY PARA PORTFÖY PİYASASI (TL) FONU YÖNETİMİ A.Ş.,,PİRAMİT PORTFÖY YÖNETİMİ A.Ş.,,Y.Fonu Türk,7783616.0,18918039.77,4.27,standart,kap,true,pozisyon,2026-09-25,2025-05
PHF,2026-09,BAHADIR KİMYA SANAYİ VE TİCARET A.Ş.,BAHKM BAHADIR KİMYA SANAYİ VE TREBHDR00018 TİCARET A.Ş.,BAHKM,BAHADIR KİMYA SANAYİ VE TİCARET A.Ş.,TREBHDR00018,Hisse Türk,1207357.0,221429273.8,91.4,standart,kap,true,pozisyon,2026-09-25,2025-11
PHF,2026-09,CEM ZEYTİN A.Ş.,CEMZY CEM ZEYTİN TRECEMZ00017 A.Ş.,CEMZY,CEM ZEYTİN A.Ş.,TRECEMZ00017,Hisse Türk,0.45,3.44,0.0,standart,kap,true,pozisyon,2026-09-25,2025-11
PHF,2026-09,TAPDİ OKSİJEN ÖZEL SAĞLIK VE EĞİTİM HİZMETLE Rİ SANAYİ TİCARET A.Ş.,TNZTP TAPDİ OKSİJEN ÖZEL SAĞLIK VE EĞİTİM TRETAPD00019 HİZMETLE Rİ SANAYİ TİCARET A.Ş.,TNZTP,TAPDİ OKSİJEN ÖZEL SAĞLIK VE EĞİTİM HİZMETLE Rİ SANAYİ TİCARET A.Ş.,TRETAPD00019,Hisse Türk,90000.0,2601000.0,1.07,standart,kap,true,pozisyon,2026-09-25,2025-11
PHF,2026-09,Nakit Teminatı,VIOP Nakit Teminatı,,Nakit Teminatı,,VIOP Nakit Teminatı,2959157.09,2959157.09,1.22,standart,kap,true,pozisyon,2026-09-25,2025-11
PHF,2026-09,PİRAMİT PORTFÖY YÖNETİMİ A.Ş.,PID - PİRAMİT PİRAMİT PORTFÖY DEĞİŞKEN PORTFÖY TRYPRMT00046 FON YÖNETİMİ A.Ş.,,PİRAMİT PORTFÖY YÖNETİMİ A.Ş.,TRYPRMT00046,Y.Fonu Türk,1594511.0,2992670.73,1.24,standart,kap,true,pozisyon,2026-09-25,2025-11
PHF,2026-09,PİRAMİT PORTFÖY YÖNETİMİ A.Ş.,PRD - PİRAMİT PİRAMİT PORTFÖY PARA PORTFÖY PİYASASI (TL) FONU YÖNETİMİ A.Ş.,,PİRAMİT PORTFÖY YÖNETİMİ A.Ş.,,Y.Fonu Türk,5056613.0,12290072.61,5.07,standart,kap,true,pozisyon,2026-09-25,2025-11
PPM,2026-09,ANADOLU EFES BIRACILIK VE MALT SANAYII A.Ş.,AEFES ANADOLU EFES BIRACILIK TRAAEFES91A9 VE MALT SANAYII A.Ş.,AEFES,ANADOLU EFES BIRACILIK VE MALT SANAYII A.Ş.,TRAAEFES91A9,Hisse Türk,158500.0,2984555.0,2.88,standart,kap,true,pozisyon,2026-09-25,2026-08
PPM,2026-09,ANADOLU EFES BIRACILIK VE MALT SANAYII A.Ş.,AEFES ANADOLU EFES BIRACILIK TRAAEFES91A9 VE MALT SANAYII A.Ş.,AEFES,ANADOLU EFES BIRACILIK VE MALT SANAYII A.Ş.,TRAAEFES91A9,Hisse Türk,4300.0,80969.0,0.08,standart,kap,true,pozisyon,2026-09-25,2026-08
PPM,2026-09,AKBANK T.A.Ş.,AKBNK AKBANK TRAAKBNK91N6 T.A.Ş.,AKBNK,AKBANK T.A.Ş.,TRAAKBNK91N6,Hisse Türk,41600.0,2949440.0,2.85,standart,kap,true,pozisyon,2026-09-25,2026-08
PPM,2026-09,AKBANK T.A.Ş.,AKBNK AKBANK TRAAKBNK91N6 T.A.Ş.,AKBNK,AKBANK T.A.Ş.,TRAAKBNK91N6,Hisse Türk,45000.0,3190500.0,3.08,standart,kap,true,pozisyon,2026-09-25,2026-08
PPM,2026-09,AKSA ENERJI ÜRETIM A.Ş.,AKSEN AKSA ENERJI TREAKSN00011 ÜRETIM A.Ş.,AKSEN,AKSA ENERJI ÜRETIM A.Ş.,TREAKSN00011,Hisse Türk,54200.0,3902400.0,3.77,standart,kap,true,pozisyon,2026-09-25,2026-08
PPM,2026-09,AKSA ENERJI ÜRETIM A.Ş.,AKSEN AKSA ENERJI TREAKSN00011 ÜRETIM A.Ş.,AKSEN,AKSA ENERJI ÜRETIM A.Ş.,TREAKSN00011,Hisse Türk,37700.0,2714400.0,2.62,standart,kap,true,pozisyon,2026-09-25,2026-08
PPM,2026-09,ALARKO HOLDING A.Ş.,ALARK ALARKO HOLDING TRAALARK91Q0 A.Ş.,ALARK,ALARKO HOLDING A.Ş.,TRAALARK91Q0,Hisse Türk,25800.0,2760600.0,2.67,standart,kap,true,pozisyon,2026-09-25,2026-08
PPM,2026-09,ALARKO HOLDING A.Ş.,ALARK ALARKO HOLDING TRAALARK91Q0 A.Ş.,ALARK,ALARKO HOLDING A.Ş.,TRAALARK91Q0,Hisse Türk,-14100.0,-1508700.0,-1.46,standart,kap,true,negatif_eslesen,2026-09-25,2026-08
PPM,2026-09,ASELSAN ELEKTRON IK SANAYI VE TICARET A.Ş.,ASELS ASELSAN ELEKTRON IK SANAYI TRAASELS91H2 VE TICARET A.Ş.,ASELS,ASELSAN ELEKTRON IK SANAYI VE TICARET A.Ş.,TRAASELS91H2,Hisse Türk,200.0,74450.0,0.07,standart,kap,true,pozisyon,2026-09-25,2026-08
PPM,2026-09,ASELSAN ELEKTRON IK SANAYI VE TICARET A.Ş.,ASELS ASELSAN ELEKTRON IK SANAYI TRAASELS91H2 VE TICARET A.Ş.,ASELS,ASELSAN ELEKTRON IK SANAYI VE TICARET A.Ş.,TRAASELS91H2,Hisse Türk,1700.0,632825.0,0.61,standart,kap,true,pozisyon,2026-09-25,2026-08
PPM,2026-09,ASTOR ENERJİ A.Ş.,ASTOR ASTOR ENERJİ TREASTR00013 A.Ş.,ASTOR,ASTOR ENERJİ A.Ş.,TREASTR00013,Hisse Türk,200.0,52250.0,0.05,standart,kap,true,pozisyon,2026-09-25,2026-08
PPM,2026-09,DOGUS OTOMOTIV SERVIS VE TICARET A.Ş.,DOAS DOGUS OTOMOTIV SERVIS VE TREDOTO00013 TICARET A.Ş.,DOAS,DOGUS OTOMOTIV SERVIS VE TICARET A.Ş.,TREDOTO00013,Hisse Türk,300.0,46380.0,0.05,standart,kap,true,pozisyon,2026-09-25,2026-08
PPM,2026-09,EMLAK KONUT GAYRIMEN KUL YATIRIM ORTAKLIGI A.Ş.,EKGYO EMLAK KONUT GAYRIMEN KUL TREEGYO00017 YATIRIM ORTAKLIGI A.Ş.,EKGYO,EMLAK KONUT GAYRIMEN KUL YATIRIM ORTAKLIGI A.Ş.,TREEGYO00017,Hisse Türk,38800.0,746900.0,0.72,standart,kap,true,pozisyon,2026-09-25,2026-08
PPM,2026-09,EMLAK KONUT GAYRIMEN KUL YATIRIM ORTAKLIGI A.Ş.,EKGYO EMLAK KONUT GAYRIMEN KUL TREEGYO00017 YATIRIM ORTAKLIGI A.Ş.,EKGYO,EMLAK KONUT GAYRIMEN KUL YATIRIM ORTAKLIGI A.Ş.,TREEGYO00017,Hisse Türk,24000.0,462000.0,0.45,standart,kap,true,pozisyon,2026-09-25,2026-08
PPM,2026-09,EREGLI DEMIR VE ÇELIK FABRIKALA RI T.A.Ş.,EREGL EREGLI DEMIR VE ÇELIK TRAEREGL91G3 FABRIKALA RI T.A.Ş.,EREGL,EREGLI DEMIR VE ÇELIK FABRIKALA RI T.A.Ş.,TRAEREGL91G3,Hisse Türk,6000.0,226440.0,0.22,standart,kap,true,pozisyon,2026-09-25,2026-08
PPM,2026-09,EREGLI DEMIR VE ÇELIK FABRIKALA RI T.A.Ş.,EREGL EREGLI DEMIR VE ÇELIK TRAEREGL91G3 FABRIKALA RI T.A.Ş.,EREGL,EREGLI DEMIR VE ÇELIK FABRIKALA RI T.A.Ş.,TRAEREGL91G3,Hisse Türk,-1500.0,-56610.0,-0.06,standart,kap,true,negatif_eslesen,2026-09-25,2026-08
PPM,2026-09,FORD OTOMOTIV SANAYI A.Ş.,FROTO FORD OTOMOTIV TRAOTOSN91H6 SANAYI A.Ş.,FROTO,FORD OTOMOTIV SANAYI A.Ş.,TRAOTOSN91H6,Hisse Türk,21000.0,1612800.0,1.56,standart,kap,true,pozisyon,2026-09-25,2026-08
PPM,2026-09,FORD OTOMOTIV SANAYI A.Ş.,FROTO FORD OTOMOTIV TRAOTOSN91H6 SANAYI A.Ş.,FROTO,FORD OTOMOTIV SANAYI A.Ş.,TRAOTOSN91H6,Hisse Türk,-4100.0,-314880.0,-0.3,standart,kap,true,negatif_eslesen,2026-09-25,2026-08
PPM,2026-09,HEKTAŞ TİCARET T.A.Ş.,HEKTS HEKTAŞ TİCARET TRAHEKTS91E4 T.A.Ş.,HEKTS,HEKTAŞ TİCARET T.A.Ş.,TRAHEKTS91E4,Hisse Türk,1530500.95,3336492.08,3.22,standart,kap,true,pozisyon,2026-09-25,2026-08
PPM,2026-09,HEKTAŞ TİCARET T.A.Ş.,HEKTS HEKTAŞ TİCARET TRAHEKTS91E4 T.A.Ş.,HEKTS,HEKTAŞ TİCARET T.A.Ş.,TRAHEKTS91E4,Hisse Türk,-35700.0,-77826.0,-0.08,standart,kap,true,negatif_eslesen,2026-09-25,2026-08
PPM,2026-09,TÜRKİYE İŞ BANKASI A.Ş. B,ISCTR TÜRKİYE İŞ BANKASI TRAISCTR91N2 A.Ş. B,ISCTR,TÜRKİYE İŞ BANKASI A.Ş. B,TRAISCTR91N2,Hisse Türk,774700.0,10125329.0,9.78,standart,kap,true,pozisyon,2026-09-25,2026-08
PPM,2026-09,TÜRKİYE İŞ BANKASI A.Ş. B,ISCTR TÜRKİYE İŞ BANKASI TRAISCTR91N2 A.Ş. B,ISCTR,TÜRKİYE İŞ BANKASI A.Ş. B,TRAISCTR91N2,Hisse Türk,-24700.0,-322829.0,-0.31,standart,kap,true,negatif_eslesen,2026-09-25,2026-08
PPM,2026-09,KOÇ HOLDING A.Ş.,KCHOL KOÇ HOLDING TRAKCHOL91Q8 A.Ş.,KCHOL,KOÇ HOLDING A.Ş.,TRAKCHOL91Q8,Hisse Türk,1800.0,389700.0,0.38,standart,kap,true,pozisyon,2026-09-25,2026-08
PPM,2026-09,KARDEMİR KARABÜK DEMİR ÇELİK SANAYİ VE TİCARET A.Ş. (D),KRDMD KARDEMİR KARABÜK DEMİR ÇELİK TRAKRDMR91G7 SANAYİ VE TİCARET A.Ş. (D),KRDMD,KARDEMİR KARABÜK DEMİR ÇELİK SANAYİ VE TİCARET A.Ş. (D),TRAKRDMR91G7,Hisse Türk,22000.0,1033120.0,1.0,standart,kap,true,pozisyon,2026-09-25,2026-08
PPM,2026-09,KARDEMİR KARABÜK DEMİR ÇELİK SANAYİ VE TİCARET A.Ş. (D),KRDMD KARDEMİR KARABÜK DEMİR ÇELİK TRAKRDMR91G7 SANAYİ VE TİCARET A.Ş. (D),KRDMD,KARDEMİR KARABÜK DEMİR ÇELİK SANAYİ VE TİCARET A.Ş. (D),TRAKRDMR91G7,Hisse Türk,-4000.0,-187840.0,-0.18,standart,kap,true,negatif_eslesen,2026-09-25,2026-08
PPM,2026-09,MIGROS TICARET A.Ş.,MGROS MIGROS TICARET TREMGTI00012 A.Ş.,MGROS,MIGROS TICARET A.Ş.,TREMGTI00012,Hisse Türk,800.0,418800.0,0.4,standart,kap,true,pozisyon,2026-09-25,2026-08
PPM,2026-09,MARDİN ÇİMENTO SANAYİİ VE TİCARET A.Ş.,OYAKC MARDİN ÇİMENTO SANAYİİ VE TRAMRDIN91F2 TİCARET A.Ş.,OYAKC,MARDİN ÇİMENTO SANAYİİ VE TİCARET A.Ş.,TRAMRDIN91F2,Hisse Türk,2500.0,52750.0,0.05,standart,kap,true,pozisyon,2026-09-25,2026-08
PPM,2026-09,MARDİN ÇİMENTO SANAYİİ VE TİCARET A.Ş.,OYAKC MARDİN ÇİMENTO SANAYİİ VE TRAMRDIN91F2 TİCARET A.Ş.,OYAKC,MARDİN ÇİMENTO SANAYİİ VE TİCARET A.Ş.,TRAMRDIN91F2,Hisse Türk,5000.0,105500.0,0.1,standart,kap,true,pozisyon,2026-09-25,2026-08
PPM,2026-09,PETKIM PETROKIM YA HOLDING A.Ş.,PETKM PETKIM PETROKIM YA TRAPETKM91E0 HOLDING A.Ş.,PETKM,PETKIM PETROKIM YA HOLDING A.Ş.,TRAPETKM91E0,Hisse Türk,13200.0,277992.0,0.27,standart,kap,true,pozisyon,2026-09-25,2026-08
PPM,2026-09,HACI ÖMER SABANCI HOLDING A.Ş.,SAHOL HACI ÖMER SABANCI TRASAHOL91Q5 HOLDING A.Ş.,SAHOL,HACI ÖMER SABANCI HOLDING A.Ş.,TRASAHOL91Q5,Hisse Türk,161400.0,14243550.0,13.76,standart,kap,true,pozisyon,2026-09-25,2026-08
PPM,2026-09,HACI ÖMER SABANCI HOLDING A.Ş.,SAHOL HACI ÖMER SABANCI TRASAHOL91Q5 HOLDING A.Ş.,SAHOL,HACI ÖMER SABANCI HOLDING A.Ş.,TRASAHOL91Q5,Hisse Türk,10500.0,926625.0,0.9,standart,kap,true,pozisyon,2026-09-25,2026-08
PPM,2026-09,SASA POLYESTE R SANAYI A.Ş.,SASA SASA POLYESTE TRASASAW91E4 R SANAYI A.Ş.,SASA,SASA POLYESTE R SANAYI A.Ş.,TRASASAW91E4,Hisse Türk,1296500.0,2696720.0,2.6,standart,kap,true,pozisyon,2026-09-25,2026-08
PPM,2026-09,SASA POLYESTE R SANAYI A.Ş.,SASA SASA POLYESTE TRASASAW91E4 R SANAYI A.Ş.,SASA,SASA POLYESTE R SANAYI A.Ş.,TRASASAW91E4,Hisse Türk,-1232700.0,-2564016.0,-2.48,standart,kap,true,negatif_eslesen,2026-09-25,2026-08
PPM,2026-09,TÜRKİYE SISE VE CAM FABRIKALA RI A.Ş.,SISE TÜRKİYE SISE VE CAM TRASISEW91Q3 FABRIKALA RI A.Ş.,SISE,TÜRKİYE SISE VE CAM FABRIKALA RI A.Ş.,TRASISEW91Q3,Hisse Türk,86400.0,3390336.0,3.28,standart,kap,true,pozisyon,2026-09-25,2026-08
PPM,2026-09,TÜRKİYE SISE VE CAM FABRIKALA RI A.Ş.,SISE TÜRKİYE SISE VE CAM TRASISEW91Q3 FABRIKALA RI A.Ş.,SISE,TÜRKİYE SISE VE CAM FABRIKALA RI A.Ş.,TRASISEW91Q3,Hisse Türk,-26600.0,-1043784.0,-1.01,standart,kap,true,negatif_eslesen,2026-09-25,2026-08
PPM,2026-09,TAV HAVALIMA NLARI HOLDİNG A.Ş.,TAVHL TAV HAVALIMA NLARI TRETAVH00018 HOLDİNG A.Ş.,TAVHL,TAV HAVALIMA NLARI HOLDİNG A.Ş.,TRETAVH00018,Hisse Türk,22000.0,6000500.0,5.8,standart,kap,true,pozisyon,2026-09-25,2026-08
PPM,2026-09,TAV HAVALIMA NLARI HOLDİNG A.Ş.,TAVHL TAV HAVALIMA NLARI TRETAVH00018 HOLDİNG A.Ş.,TAVHL,TAV HAVALIMA NLARI HOLDİNG A.Ş.,TRETAVH00018,Hisse Türk,-7500.0,-2045625.0,-1.98,standart,kap,true,negatif_eslesen,2026-09-25,2026-08
PPM,2026-09,TURKCELL ILETISIM HIZMETLE RI A.Ş.,TCELL TURKCELL ILETISIM TRATCELL91M1 HIZMETLE RI A.Ş.,TCELL,TURKCELL ILETISIM HIZMETLE RI A.Ş.,TRATCELL91M1,Hisse Türk,62500.0,6246875.0,6.03,standart,kap,true,pozisyon,2026-09-25,2026-08
PPM,2026-09,TURKCELL ILETISIM HIZMETLE RI A.Ş.,TCELL TURKCELL ILETISIM TRATCELL91M1 HIZMETLE RI A.Ş.,TCELL,TURKCELL ILETISIM HIZMETLE RI A.Ş.,TRATCELL91M1,Hisse Türk,-15500.0,-1549225.0,-1.5,standart,kap,true,negatif_eslesen,2026-09-25,2026-08
PPM,2026-09,TÜRK HAVA YOLLARI A.O.,THYAO TÜRK HAVA TRATHYAO91M5 YOLLARI A.O.,THYAO,TÜRK HAVA YOLLARI A.O.,TRATHYAO91M5,Hisse Türk,43900.0,12763925.0,12.33,standart,kap,true,pozisyon,2026-09-25,2026-08
PPM,2026-09,TÜRK HAVA YOLLARI A.O.,THYAO TÜRK HAVA TRATHYAO91M5 YOLLARI A.O.,THYAO,TÜRK HAVA YOLLARI A.O.,TRATHYAO91M5,Hisse Türk,-8900.0,-2587675.0,-2.5,standart,kap,true,negatif_eslesen,2026-09-25,2026-08
PPM,2026-09,TOFAS TÜRK OTOMOBIL FABRIKALA RI A.Ş.,TOASO TOFAS TÜRK OTOMOBIL TRATOASO91H3 FABRIKALA RI A.Ş.,TOASO,TOFAS TÜRK OTOMOBIL FABRIKALA RI A.Ş.,TRATOASO91H3,Hisse Türk,100.0,29000.0,0.03,standart,kap,true,pozisyon,2026-09-25,2026-08
PPM,2026-09,TÜRK ALTIN İŞLETMELE Rİ A.Ş.,TRALT TÜRK ALTIN TREKOAL00014 İŞLETMELE Rİ A.Ş.,TRALT,TÜRK ALTIN İŞLETMELE Rİ A.Ş.,TREKOAL00014,Hisse Türk,2000.0,99680.0,0.1,standart,kap,true,pozisyon,2026-09-25,2026-08
PPM,2026-09,TÜRK ALTIN İŞLETMELE Rİ A.Ş.,TRALT TÜRK ALTIN TREKOAL00014 İŞLETMELE Rİ A.Ş.,TRALT,TÜRK ALTIN İŞLETMELE Rİ A.Ş.,TREKOAL00014,Hisse Türk,30900.0,1540056.0,1.49,standart,kap,true,pozisyon,2026-09-25,2026-08
PPM,2026-09,TR ANADOLU METAL MADENCİLİ K İŞLETMELE Rİ A.Ş.,TRMET TR ANADOLU METAL MADENCİLİ TREKOZA00014 K İŞLETMELE Rİ A.Ş.,TRMET,TR ANADOLU METAL MADENCİLİ K İŞLETMELE Rİ A.Ş.,TREKOZA00014,Hisse Türk,1200.0,168480.0,0.16,standart,kap,true,pozisyon,2026-09-25,2026-08
PPM,2026-09,T.SINAİ KALKINMA BANKASI A.Ş.,TSKB T.SINAİ KALKINMA TRATSKBW91N0 BANKASI A.Ş.,TSKB,T.SINAİ KALKINMA BANKASI A.Ş.,TRATSKBW91N0,Hisse Türk,30000.0,310500.0,0.3,standart,kap,true,pozisyon,2026-09-25,2026-08
PPM,2026-09,TÜRK TELEKOMÜ NIKASYON A.Ş.,TTKOM TÜRK TELEKOMÜ TRETTLK00013 NIKASYON A.Ş.,TTKOM,TÜRK TELEKOMÜ NIKASYON A.Ş.,TRETTLK00013,Hisse Türk,8800.0,480920.0,0.47,standart,kap,true,pozisyon,2026-09-25,2026-08
PPM,2026-09,TÜPRAŞ- TÜRKİYE PETROL RAFİNERİL ERİ A.Ş.,TUPRS TÜPRAŞ- TÜRKİYE PETROL TRATUPRS91E8 RAFİNERİL ERİ A.Ş.,TUPRS,TÜPRAŞ- TÜRKİYE PETROL RAFİNERİL ERİ A.Ş.,TRATUPRS91E8,Hisse Türk,26900.0,10921400.0,10.55,standart,kap,true,pozisyon,2026-09-25,2026-08
PPM,2026-09,TÜPRAŞ- TÜRKİYE PETROL RAFİNERİL ERİ A.Ş.,TUPRS TÜPRAŞ- TÜRKİYE PETROL TRATUPRS91E8 RAFİNERİL ERİ A.Ş.,TUPRS,TÜPRAŞ- TÜRKİYE PETROL RAFİNERİL ERİ A.Ş.,TRATUPRS91E8,Hisse Türk,-7100.0,-2882600.0,-2.79,standart,kap,true,negatif_eslesen,2026-09-25,2026-08
PPM,2026-09,ÜLKER BISKÜVI SANAYI A.Ş.,ULKER ÜLKER BISKÜVI TREULKR00015 SANAYI A.Ş.,ULKER,ÜLKER BISKÜVI SANAYI A.Ş.,TREULKR00015,Hisse Türk,5600.0,493360.0,0.48,standart,kap,true,pozisyon,2026-09-25,2026-08
PPM,2026-09,ÜLKER BISKÜVI SANAYI A.Ş.,ULKER ÜLKER BISKÜVI TREULKR00015 SANAYI A.Ş.,ULKER,ÜLKER BISKÜVI SANAYI A.Ş.,TREULKR00015,Hisse Türk,-200.0,-17620.0,-0.02,standart,kap,true,negatif_eslesen,2026-09-25,2026-08
PPM,2026-09,TÜRKİYE VAKIFLAR BANKASI T.A.O.,VAKBN TÜRKİYE VAKIFLAR TREVKFB00019 BANKASI T.A.O.,VAKBN,TÜRKİYE VAKIFLAR BANKASI T.A.O.,TREVKFB00019,Hisse Türk,300.0,10140.0,0.01,standart,kap,true,pozisyon,2026-09-25,2026-08
PPM,2026-09,VESTEL ELEKTRON İK SANAYİ VE TİCARET A.Ş.,VESTL VESTEL ELEKTRON İK SANAYİ TRAVESTL91H6 VE TİCARET A.Ş.,VESTL,VESTEL ELEKTRON İK SANAYİ VE TİCARET A.Ş.,TRAVESTL91H6,Hisse Türk,221400.0,4525416.0,4.37,standart,kap,true,pozisyon,2026-09-25,2026-08
PPM,2026-09,VESTEL ELEKTRON İK SANAYİ VE TİCARET A.Ş.,VESTL VESTEL ELEKTRON İK SANAYİ TRAVESTL91H6 VE TİCARET A.Ş.,VESTL,VESTEL ELEKTRON İK SANAYİ VE TİCARET A.Ş.,TRAVESTL91H6,Hisse Türk,-184900.0,-3779356.0,-3.65,standart,kap,true,negatif_eslesen,2026-09-25,2026-08
PPM,2026-09,YAPI VE KREDI BANKASI A.Ş.,YKBNK YAPI VE KREDI TRAYKBNK91N6 BANKASI A.Ş.,YKBNK,YAPI VE KREDI BANKASI A.Ş.,TRAYKBNK91N6,Hisse Türk,527200.0,18863216.0,18.23,standart,kap,true,pozisyon,2026-09-25,2026-08
PPM,2026-09,YAPI VE KREDI BANKASI A.Ş.,YKBNK YAPI VE KREDI TRAYKBNK91N6 BANKASI A.Ş.,YKBNK,YAPI VE KREDI BANKASI A.Ş.,TRAYKBNK91N6,Hisse Türk,-227200.0,-8129216.0,-7.85,standart,kap,true,negatif_eslesen,2026-09-25,2026-08
PPM,2026-09,,F_AEFES1026 F_AEFES1026,,,,Kısa,1628.0,3125760.0,0.0,standart,kap,true,pozisyon,2026-09-25,2026-08
PPM,2026-09,,F_AKBNK1026 F_AKBNK1026,,,,Kısa,866.0,6337388.0,0.0,standart,kap,true,pozisyon,2026-09-25,2026-08
PPM,2026-09,,F_AKSEN0926 F_AKSEN0926,,,,Kısa,2.0,14434.0,0.0,standart,kap,true,pozisyon,2026-09-25,2026-08
PPM,2026-09,,F_AKSEN1026 F_AKSEN1026,,,,Kısa,917.0,6810559.0,0.0,standart,kap,true,pozisyon,2026-09-25,2026-08
PPM,2026-09,,F_ALARK1026 F_ALARK1026,,,,Kısa,117.0,1291680.0,0.0,standart,kap,true,pozisyon,2026-09-25,2026-08
PPM,2026-09,,F_ASELS1026 F_ASELS1026,,,,Kısa,19.0,729505.0,0.0,standart,kap,true,pozisyon,2026-09-25,2026-08
PPM,2026-09,,F_ASTOR1026 F_ASTOR1026,,,,Kısa,2.0,53530.0,0.0,standart,kap,true,pozisyon,2026-09-25,2026-08
PPM,2026-09,,F_DOAS1026,,,,Kısa,3.0,47595.0,0.0,standart,kap,true,pozisyon,2026-09-25,2026-08
PPM,2026-09,,F_EKGYO1026 F_EKGYO1026,,,,Kısa,628.0,1244696.0,0.0,standart,kap,true,pozisyon,2026-09-25,2026-08
PPM,2026-09,,F_EREGL1026 F_EREGL1026,,,,Kısa,45.0,175140.0,0.0,standart,kap,true,pozisyon,2026-09-25,2026-08
PPM,2026-09,,F_FROTO1026 F_FROTO1026,,,,Kısa,169.0,1340339.0,0.0,standart,kap,true,pozisyon,2026-09-25,2026-08
PPM,2026-09,,F_HEKTS0926 F_HEKTS0926,,,,Kısa,14599.0,3182582.0,0.0,standart,kap,true,pozisyon,2026-09-25,2026-08
PPM,2026-09,,F_HEKTS1026 F_HEKTS1026,,,,Kısa,349.0,78525.0,0.0,standart,kap,true,pozisyon,2026-09-25,2026-08
PPM,2026-09,,F_ISCTR1026,,,,Kısa,7500.0,10125000.0,0.0,standart,kap,true,pozisyon,2026-09-25,2026-08
PPM,2026-09,,F_KCHOL1026 F_KCHOL1026,,,,Kısa,18.0,401220.0,0.0,standart,kap,true,pozisyon,2026-09-25,2026-08
PPM,2026-09,,F_KRDMD1026 F_KRDMD1026,,,,Kısa,180.0,869940.0,0.0,standart,kap,true,pozisyon,2026-09-25,2026-08
PPM,2026-09,,F_MGROS1026 F_MGROS1026,,,,Kısa,8.0,432400.0,0.0,standart,kap,true,pozisyon,2026-09-25,2026-08
PPM,2026-09,,F_OYAKC1026 F_OYAKC1026,,,,Kısa,75.0,163125.0,0.0,standart,kap,true,pozisyon,2026-09-25,2026-08
PPM,2026-09,,F_PETKM1026 F_PETKM1026,,,,Kısa,132.0,283272.0,0.0,standart,kap,true,pozisyon,2026-09-25,2026-08
PPM,2026-09,,F_SAHOL0926 F_SAHOL0926,,,,Kısa,719.0,6368183.0,0.0,standart,kap,true,pozisyon,2026-09-25,2026-08
PPM,2026-09,,F_SAHOL1026 F_SAHOL1026,,,,Kısa,1000.0,9121000.0,0.0,standart,kap,true,pozisyon,2026-09-25,2026-08
PPM,2026-09,,F_SASA1026,,,,Kısa,638.0,136532.0,0.0,standart,kap,true,pozisyon,2026-09-25,2026-08
PPM,2026-09,,F_SISE1026,,,,Kısa,598.0,2415322.0,0.0,standart,kap,true,pozisyon,2026-09-25,2026-08
PPM,2026-09,,F_TAVHL1026 F_TAVHL1026,,,,Kısa,145.0,4070150.0,0.0,standart,kap,true,pozisyon,2026-09-25,2026-08
PPM,2026-09,,F_TCELL1026,,,,Kısa,470.0,4841000.0,0.0,standart,kap,true,pozisyon,2026-09-25,2026-08
PPM,2026-09,,F_THYAO1026 F_THYAO1026,,,,Kısa,350.0,10507000.0,0.0,standart,kap,true,pozisyon,2026-09-25,2026-08
PPM,2026-09,,F_TOASO1026 F_TOASO1026,,,,Kısa,1.0,29730.0,0.0,standart,kap,true,pozisyon,2026-09-25,2026-08
PPM,2026-09,,F_TRALT1026 F_TRALT1026,,,,Kısa,329.0,1670991.0,0.0,standart,kap,true,pozisyon,2026-09-25,2026-08
PPM,2026-09,,F_TRMET1026 F_TRMET1026,,,,Kısa,12.0,173160.0,0.0,standart,kap,true,pozisyon,2026-09-25,2026-08
PPM,2026-09,,F_TSKB1026,,,,Kısa,300.0,320700.0,0.0,standart,kap,true,pozisyon,2026-09-25,2026-08
PPM,2026-09,,F_TTKOM1026 F_TTKOM1026,,,,Kısa,88.0,496144.0,0.0,standart,kap,true,pozisyon,2026-09-25,2026-08
PPM,2026-09,,F_TUPRS0926 F_TUPRS0926,,,,Kısa,164.0,6566560.0,0.0,standart,kap,true,pozisyon,2026-09-25,2026-08
PPM,2026-09,,F_TUPRS1026 F_TUPRS1026,,,,Kısa,34.0,1398760.0,0.0,standart,kap,true,pozisyon,2026-09-25,2026-08
PPM,2026-09,,F_ULKER1026 F_ULKER1026,,,,Kısa,54.0,489186.0,0.0,standart,kap,true,pozisyon,2026-09-25,2026-08
PPM,2026-09,,F_VAKBN1026 F_VAKBN1026,,,,Kısa,3.0,10461.0,0.0,standart,kap,true,pozisyon,2026-09-25,2026-08
PPM,2026-09,,F_VESTL1026 F_VESTL1026,,,,Kısa,365.0,771610.0,0.0,standart,kap,true,pozisyon,2026-09-25,2026-08
PPM,2026-09,,F_YKBNK1026 F_YKBNK1026,,,,Kısa,3000.0,11082000.0,0.0,standart,kap,true,pozisyon,2026-09-25,2026-08
PPM,2026-09,Nakit Teminatı,VIOP Nakit Teminatı,,Nakit Teminatı,,VIOP Nakit Teminatı,8690184.7,8690184.7,8.4,standart,kap,true,pozisyon,2026-09-25,2026-08
VKV,2026-09,HAZİNE,TRD111126T10 HAZİNE TRD111126T10,,HAZİNE,TRD111126T10,Kamu Kesimi Kira Sertifikaları,55200000.0,63180719.61,0.71,standart,kap,true,pozisyon,2026-09-30,2026-09
VKV,2026-09,HAZİNE,TRD100227T11 HAZİNE TRD100227T11,,HAZİNE,TRD100227T11,Kamu Kesimi Kira Sertifikaları,80000000.0,84233867.7,0.94,standart,kap,true,pozisyon,2026-09-30,2026-09
VKV,2026-09,HAZİNE,TRD070427T14 HAZİNE TRD070427T14,,HAZİNE,TRD070427T14,Kamu Kesimi Kira Sertifikaları,241690000.0,301351401.42,3.38,standart,kap,true,pozisyon,2026-09-30,2026-09
VKV,2026-09,HAZİNE,TRD110827T14 HAZİNE TRD110827T14,,HAZİNE,TRD110827T14,Kamu Kesimi Kira Sertifikaları,400000000.0,426548677.57,4.78,standart,kap,true,pozisyon,2026-09-30,2026-09
VKV,2026-09,HAZİNE,TRD080927T34 HAZİNE TRD080927T34,,HAZİNE,TRD080927T34,Kamu Kesimi Kira Sertifikaları,1280000000.0,1317508807.69,14.76,standart,kap,true,pozisyon,2026-09-30,2026-09
VKV,2026-09,HAZİNE,TRD061027T33 HAZİNE TRD061027T33,,HAZİNE,TRD061027T33,Kamu Kesimi Kira Sertifikaları,520000000.0,632399031.02,7.09,standart,kap,true,pozisyon,2026-09-30,2026-09
VKV,2026-09,HAZİNE,TRD171127T13 HAZİNE TRD171127T13,,HAZİNE,TRD171127T13,Kamu Kesimi Kira Sertifikaları,200000000.0,232019037.01,2.6,standart,kap,true,pozisyon,2026-09-30,2026-09
VKV,2026-09,HALK VARLIK KİRALAMA A.Ş.,TRDHVKAE2645 HALK VARLIK TRDHVKAE2645 KİRALAMA A.Ş.,,HALK VARLIK KİRALAMA A.Ş.,TRDHVKAE2645,Özel Sektör Kira Sertifikaları,30000000.0,32762877.0,0.37,standart,kap,true,pozisyon,2026-09-30,2026-09
VKV,2026-09,KATILIM VARLIK KİRALAMA A.Ş.,TRDKTLME2615 KATILIM VARLIK TRDKTLME2615 KİRALAMA A.Ş.,,KATILIM VARLIK KİRALAMA A.Ş.,TRDKTLME2615,Özel Sektör Kira Sertifikaları,15000000.0,16514514.73,0.19,standart,kap,true,pozisyon,2026-09-30,2026-09
VKV,2026-09,EMLAK KATILIM VARLIK KİRALAMA A.Ş.,TRDEVKSE2630 EMLAK KATILIM VARLIK TRDEVKSE2630 KİRALAMA A.Ş.,,EMLAK KATILIM VARLIK KİRALAMA A.Ş.,TRDEVKSE2630,Özel Sektör Kira Sertifikaları,13000000.0,14162859.44,0.16,standart,kap,true,pozisyon,2026-09-30,2026-09
VKV,2026-09,EMLAK KATILIM VARLIK,TRDEVKSE2648 EMLAK KATILIM TRDEVKSE2648 VARLIK,,EMLAK KATILIM VARLIK,TRDEVKSE2648,Özel Sektör Kira Sertifikaları,12000000.0,13073916.89,0.15,standart,kap,true,pozisyon,2026-09-30,2026-09
VKV,2026-09,HALK VARLIK KİRALAMA A.Ş.,TRDHVKAE2629 HALK VARLIK TRDHVKAE2629 KİRALAMA A.Ş.,,HALK VARLIK KİRALAMA A.Ş.,TRDHVKAE2629,Özel Sektör Kira Sertifikaları,10000000.0,11320534.23,0.13,standart,kap,true,pozisyon,2026-09-30,2026-09
VKV,2026-09,ZKB VARLIK KİRALAMA A.Ş.,TRDZKBVE2626 ZKB VARLIK TRDZKBVE2626 KİRALAMA A.Ş.,,ZKB VARLIK KİRALAMA A.Ş.,TRDZKBVE2626,Özel Sektör Kira Sertifikaları,8000000.0,8966323.27,0.1,standart,kap,true,pozisyon,2026-09-30,2026-09
VKV,2026-09,ZKB VARLIK KİRALAMA A.Ş.,TRDZKBVE2634 ZKB VARLIK TRDZKBVE2634 KİRALAMA A.Ş.,,ZKB VARLIK KİRALAMA A.Ş.,TRDZKBVE2634,Özel Sektör Kira Sertifikaları,4000000.0,4482461.33,0.05,standart,kap,true,pozisyon,2026-09-30,2026-09
VKV,2026-09,KT SUKUK VARLIK KİRALAMA A.Ş.,TRDKTSKE26E8 KT SUKUK VARLIK TRDKTSKE26E8 KİRALAMA A.Ş.,,KT SUKUK VARLIK KİRALAMA A.Ş.,TRDKTSKE26E8,Özel Sektör Kira Sertifikaları,5000000.0,5635842.27,0.06,standart,kap,true,pozisyon,2026-09-30,2026-09
VKV,2026-09,HALK VARLIK KİRALAMA A.Ş.,TRDHVKAE2652 HALK VARLIK TRDHVKAE2652 KİRALAMA A.Ş.,,HALK VARLIK KİRALAMA A.Ş.,TRDHVKAE2652,Özel Sektör Kira Sertifikaları,20000000.0,21674574.71,0.24,standart,kap,true,pozisyon,2026-09-30,2026-09
VKV,2026-09,KATILIM VARLIK KİRALAMA A.Ş.,TRDKTLME2631 KATILIM VARLIK TRDKTLME2631 KİRALAMA A.Ş.,,KATILIM VARLIK KİRALAMA A.Ş.,TRDKTLME2631,Özel Sektör Kira Sertifikaları,10000000.0,11312556.46,0.13,standart,kap,true,pozisyon,2026-09-30,2026-09
VKV,2026-09,VAKIF VARLIK KİRALAMA A.Ş.,TRDVVRKE2614 VAKIF VARLIK TRDVVRKE2614 KİRALAMA A.Ş.,,VAKIF VARLIK KİRALAMA A.Ş.,TRDVVRKE2614,Özel Sektör Kira Sertifikaları,30000000.0,32298790.14,0.36,standart,kap,true,pozisyon,2026-09-30,2026-09
VKV,2026-09,DK VARLIK KİRALAMA A.Ş.,TRDDKVRK2626 DK VARLIK KİRALAMA TRDDKVRK2626 A.Ş.,,DK VARLIK KİRALAMA A.Ş.,TRDDKVRK2626,Özel Sektör Kira Sertifikaları,500000000.0,529751620.76,5.94,standart,kap,true,pozisyon,2026-09-30,2026-09
VKV,2026-09,KT SUKUK VARLIK KİRALAMA A.Ş.,TRDKTSKK2653 KT SUKUK VARLIK TRDKTSKK2653 KİRALAMA A.Ş.,,KT SUKUK VARLIK KİRALAMA A.Ş.,TRDKTSKK2653,Özel Sektör Kira Sertifikaları,10000000.0,11135447.62,0.12,standart,kap,true,pozisyon,2026-09-30,2026-09
VKV,2026-09,KATILIM VARLIK KİRALAMA A.Ş.,TRDKTLMK2641 KATILIM VARLIK TRDKTLMK2641 KİRALAMA A.Ş.,,KATILIM VARLIK KİRALAMA A.Ş.,TRDKTLMK2641,Özel Sektör Kira Sertifikaları,7000000.0,7905183.44,0.09,standart,kap,true,pozisyon,2026-09-30,2026-09
VKV,2026-09,EMLAK KATILIM VARLIK KİRALAMA A.Ş.,TRDEVKSK2624 EMLAK KATILIM VARLIK TRDEVKSK2624 KİRALAMA A.Ş.,,EMLAK KATILIM VARLIK KİRALAMA A.Ş.,TRDEVKSK2624,Özel Sektör Kira Sertifikaları,55000000.0,57758939.49,0.65,standart,kap,true,pozisyon,2026-09-30,2026-09
VKV,2026-09,KATILIM VARLIK KİRALAMA A.Ş.,TRDKTLMK2633 KATILIM VARLIK TRDKTLMK2633 KİRALAMA A.Ş.,,KATILIM VARLIK KİRALAMA A.Ş.,TRDKTLMK2633,Özel Sektör Kira Sertifikaları,80500000.0,92629143.56,1.04,standart,kap,true,pozisyon,2026-09-30,2026-09
VKV,2026-09,DK VARLIK KİRALAMA A.Ş.,TRDDKVRK2634 DK VARLIK KİRALAMA TRDDKVRK2634 A.Ş.,,DK VARLIK KİRALAMA A.Ş.,TRDDKVRK2634,Özel Sektör Kira Sertifikaları,50000000.0,52611704.95,0.59,standart,kap,true,pozisyon,2026-09-30,2026-09
VKV,2026-09,ZKB VARLIK KİRALAMA A.Ş.,TRDZKBVK2628 ZKB VARLIK TRDZKBVK2628 KİRALAMA A.Ş.,,ZKB VARLIK KİRALAMA A.Ş.,TRDZKBVK2628,Özel Sektör Kira Sertifikaları,5000000.0,5395624.06,0.06,standart,kap,true,pozisyon,2026-09-30,2026-09
VKV,2026-09,ZKB VARLIK KİRALAMA A.Ş.,TRDZKBVK2610 ZKB VARLIK TRDZKBVK2610 KİRALAMA A.Ş.,,ZKB VARLIK KİRALAMA A.Ş.,TRDZKBVK2610,Özel Sektör Kira Sertifikaları,5000000.0,5439072.71,0.06,standart,kap,true,pozisyon,2026-09-30,2026-09
VKV,2026-09,KT SUKUK VARLIK KİRALAMA A.Ş.,TRDKTSKK2695 KT SUKUK VARLIK TRDKTSKK2695 KİRALAMA A.Ş.,,KT SUKUK VARLIK KİRALAMA A.Ş.,TRDKTSKK2695,Özel Sektör Kira Sertifikaları,15000000.0,16005720.26,0.18,standart,kap,true,pozisyon,2026-09-30,2026-09
VKV,2026-09,ZKB VARLIK KİRALAMA A.Ş.,TRDZKBVK2636 ZKB VARLIK TRDZKBVK2636 KİRALAMA A.Ş.,,ZKB VARLIK KİRALAMA A.Ş.,TRDZKBVK2636,Özel Sektör Kira Sertifikaları,10000000.0,10745056.73,0.12,standart,kap,true,pozisyon,2026-09-30,2026-09
VKV,2026-09,EMLAK KATILIM VARLIK KİRALAMA A.Ş.,TRDEVKSA2675 EMLAK KATILIM VARLIK TRDEVKSA2675 KİRALAMA A.Ş.,,EMLAK KATILIM VARLIK KİRALAMA A.Ş.,TRDEVKSA2675,Özel Sektör Kira Sertifikaları,220000000.0,225943060.88,2.53,standart,kap,true,pozisyon,2026-09-30,2026-09
VKV,2026-09,KATILIM VARLIK KİRALAMA A.Ş.,TRDKTLMA2650 KATILIM VARLIK TRDKTLMA2650 KİRALAMA A.Ş.,,KATILIM VARLIK KİRALAMA A.Ş.,TRDKTLMA2650,Özel Sektör Kira Sertifikaları,15000000.0,16051564.25,0.18,standart,kap,true,pozisyon,2026-09-30,2026-09
VKV,2026-09,VAKIF VARLIK KİRALAMA A.Ş.,TRDVVRKA2626 VAKIF VARLIK TRDVVRKA2626 KİRALAMA A.Ş.,,VAKIF VARLIK KİRALAMA A.Ş.,TRDVVRKA2626,Özel Sektör Kira Sertifikaları,1050000000.0,1077866998.36,12.08,standart,kap,true,pozisyon,2026-09-30,2026-09
VKV,2026-09,EMLAK VARLIK KİRALAMA A.Ş.,TRDEMVKA2655 EMLAK VARLIK TRDEMVKA2655 KİRALAMA A.Ş.,,EMLAK VARLIK KİRALAMA A.Ş.,TRDEMVKA2655,Özel Sektör Kira Sertifikaları,2000000.0,2260141.19,0.03,standart,kap,true,pozisyon,2026-09-30,2026-09
VKV,2026-09,HALK VARLIK KİRALAMA A.Ş.,TRDHVKAA2615 HALK VARLIK TRDHVKAA2615 KİRALAMA A.Ş.,,HALK VARLIK KİRALAMA A.Ş.,TRDHVKAA2615,Özel Sektör Kira Sertifikaları,515000000.0,542778565.64,6.08,standart,kap,true,pozisyon,2026-09-30,2026-09
VKV,2026-09,KT SUKUK VARLIK KİRALAMA A.Ş.,TRDKTSKA2630 KT SUKUK VARLIK TRDKTSKA2630 KİRALAMA A.Ş.,,KT SUKUK VARLIK KİRALAMA A.Ş.,TRDKTSKA2630,Özel Sektör Kira Sertifikaları,30000000.0,32316113.0,0.36,standart,kap,true,pozisyon,2026-09-30,2026-09
VKV,2026-09,KATILIM VARLIK KİRALAMA A.Ş.,TRDKTLMA2635 KATILIM VARLIK TRDKTLMA2635 KİRALAMA A.Ş.,,KATILIM VARLIK KİRALAMA A.Ş.,TRDKTLMA2635,Özel Sektör Kira Sertifikaları,49000000.0,55305357.81,0.62,standart,kap,true,pozisyon,2026-09-30,2026-09
VKV,2026-09,DK VARLIK KİRALAMA A.Ş.,TRDDKVRA2636 DK VARLIK KİRALAMA TRDDKVRA2636 A.Ş.,,DK VARLIK KİRALAMA A.Ş.,TRDDKVRA2636,Özel Sektör Kira Sertifikaları,10000000.0,10265437.0,0.12,standart,kap,true,pozisyon,2026-09-30,2026-09
VKV,2026-09,KATILIM VARLIK KİRALAMA A.Ş.,TRDKTLMA2627 KATILIM VARLIK TRDKTLMA2627 KİRALAMA A.Ş.,,KATILIM VARLIK KİRALAMA A.Ş.,TRDKTLMA2627,Özel Sektör Kira Sertifikaları,1500000.0,1516774.14,0.02,standart,kap,true,pozisyon,2026-09-30,2026-09
VKV,2026-09,VAKIF VARLIK KİRALAMA A.Ş.,TRDVVRKA2667 VAKIF VARLIK TRDVVRKA2667 KİRALAMA A.Ş.,,VAKIF VARLIK KİRALAMA A.Ş.,TRDVVRKA2667,Özel Sektör Kira Sertifikaları,472000000.0,478282817.71,5.36,standart,kap,true,pozisyon,2026-09-30,2026-09
VKV,2026-09,ZKB VARLIK KİRALAMA A.Ş.,TRDZKBVA2653 ZKB VARLIK TRDZKBVA2653 KİRALAMA A.Ş.,,ZKB VARLIK KİRALAMA A.Ş.,TRDZKBVA2653,Özel Sektör Kira Sertifikaları,1000000.0,1052654.36,0.01,standart,kap,true,pozisyon,2026-09-30,2026-09
VKV,2026-09,EMLAK KATILIM VARLIK KİRALAMA A.Ş.,TRDEVKSA2683 EMLAK KATILIM VARLIK TRDEVKSA2683 KİRALAMA A.Ş.,,EMLAK KATILIM VARLIK KİRALAMA A.Ş.,TRDEVKSA2683,Özel Sektör Kira Sertifikaları,200000000.0,202746371.46,2.27,standart,kap,true,pozisyon,2026-09-30,2026-09
VKV,2026-09,EMLAK KATILIM VARLIK KİRALAMA A.Ş.,TRDEVKSA2691 EMLAK KATILIM VARLIK TRDEVKSA2691 KİRALAMA A.Ş.,,EMLAK KATILIM VARLIK KİRALAMA A.Ş.,TRDEVKSA2691,Özel Sektör Kira Sertifikaları,1000000000.0,1013533828.47,11.36,standart,kap,true,pozisyon,2026-09-30,2026-09
VKV,2026-09,KATILIM VARLIK KİRALAMA A.Ş.,TRDKTLMA2643 KATILIM VARLIK TRDKTLMA2643 KİRALAMA A.Ş.,,KATILIM VARLIK KİRALAMA A.Ş.,TRDKTLMA2643,Özel Sektör Kira Sertifikaları,43000000.0,47577427.71,0.53,standart,kap,true,pozisyon,2026-09-30,2026-09
VKV,2026-09,DK VARLIK KİRALAMA A.Ş.,TRDDKVR12736 DK VARLIK KİRALAMA TRDDKVR12736 A.Ş.,,DK VARLIK KİRALAMA A.Ş.,TRDDKVR12736,Özel Sektör Kira Sertifikaları,50000000.0,50729825.76,0.57,standart,kap,true,pozisyon,2026-09-30,2026-09
VKV,2026-09,HALK VARLIK KİRALAMA A.Ş.,TRDHVKA12717 HALK VARLIK TRDHVKA12717 KİRALAMA A.Ş.,,HALK VARLIK KİRALAMA A.Ş.,TRDHVKA12717,Özel Sektör Kira Sertifikaları,412500000.0,418062910.08,4.69,standart,kap,true,pozisyon,2026-09-30,2026-09
VKV,2026-09,ZKB VARLIK KİRALAMA,TRDZKBV12733 ZKB VARLIK TRDZKBV12733 KİRALAMA,,ZKB VARLIK KİRALAMA,TRDZKBV12733,Özel Sektör Kira Sertifikaları,75000000.0,76063585.09,0.85,standart,kap,true,pozisyon,2026-09-30,2026-09
VKV,2026-09,NUROL VARLIK KİRALAMA A.Ş.,TRDNVKA22722 NUROL VARLIK TRDNVKA22722 KİRALAMA A.Ş.,,NUROL VARLIK KİRALAMA A.Ş.,TRDNVKA22722,Özel Sektör Kira Sertifikaları,2000000.0,2121378.16,0.02,standart,kap,true,pozisyon,2026-09-30,2026-09
VKV,2026-09,KT SUKUK VARLIK KİRALAMA A.Ş.,TRDKTSK22732 KT SUKUK VARLIK TRDKTSK22732 KİRALAMA A.Ş.,,KT SUKUK VARLIK KİRALAMA A.Ş.,TRDKTSK22732,Özel Sektör Kira Sertifikaları,3000000.0,3191520.6,0.04,standart,kap,true,pozisyon,2026-09-30,2026-09
VKV,2026-09,KATILIM VARLIK KİRALAMA A.Ş.,TRDKTLM22717 KATILIM VARLIK TRDKTLM22717 KİRALAMA A.Ş.,,KATILIM VARLIK KİRALAMA A.Ş.,TRDKTLM22717,Özel Sektör Kira Sertifikaları,20000000.0,20960077.28,0.23,standart,kap,true,pozisyon,2026-09-30,2026-09
VKV,2026-09,KATILIM VARLIK KİRALAMA A.Ş.,TRDKTLM22725 KATILIM VARLIK TRDKTLM22725 KİRALAMA A.Ş.,,KATILIM VARLIK KİRALAMA A.Ş.,TRDKTLM22725,Özel Sektör Kira Sertifikaları,91000000.0,94361661.51,1.06,standart,kap,true,pozisyon,2026-09-30,2026-09
VKV,2026-09,GY VARLIK KİRALAMA A.Ş.,TRDGYVR32712 GY VARLIK KİRALAMA TRDGYVR32712 A.Ş.,,GY VARLIK KİRALAMA A.Ş.,TRDGYVR32712,Özel Sektör Kira Sertifikaları,20000000.0,20402917.9,0.23,standart,kap,true,pozisyon,2026-09-30,2026-09
VKV,2026-09,EMLAK VARLIK KİRALAMA A.Ş.,TRDEMVK32733 EMLAK VARLIK TRDEMVK32733 KİRALAMA A.Ş.,,EMLAK VARLIK KİRALAMA A.Ş.,TRDEMVK32733,Özel Sektör Kira Sertifikaları,10000000.0,10122564.65,0.11,standart,kap,true,pozisyon,2026-09-30,2026-09
VKV,2026-09,KATILIM VARLIK KİRALAMA A.Ş.,TRDKTLM62721 KATILIM VARLIK TRDKTLM62721 KİRALAMA A.Ş.,,KATILIM VARLIK KİRALAMA A.Ş.,TRDKTLM62721,Özel Sektör Kira Sertifikaları,23000000.0,23192792.24,0.26,standart,kap,true,pozisyon,2026-09-30,2026-09
VKV,2026-09,KATILIM VARLIK KİRALAMA A.Ş.,TRDKTLM82711 KATILIM VARLIK TRDKTLM82711 KİRALAMA A.Ş.,,KATILIM VARLIK KİRALAMA A.Ş.,TRDKTLM82711,Özel Sektör Kira Sertifikaları,10000000.0,10342969.04,0.12,standart,kap,true,pozisyon,2026-09-30,2026-09
VKV,2026-09,GY VARLIK KİRALAMA A.Ş.,TRDGYVR92716 GY VARLIK KİRALAMA TRDGYVR92716 A.Ş.,,GY VARLIK KİRALAMA A.Ş.,TRDGYVR92716,Özel Sektör Kira Sertifikaları,20000000.0,20397433.28,0.23,standart,kap,true,pozisyon,2026-09-30,2026-09
VKV,2026-09,KATILIM VARLIK KİRALAMA A.Ş.,TRDKTLM82810 KATILIM VARLIK TRDKTLM82810 KİRALAMA A.Ş.,,KATILIM VARLIK KİRALAMA A.Ş.,TRDKTLM82810,Özel Sektör Kira Sertifikaları,10000000.0,10606774.14,0.12,standart,kap,true,pozisyon,2026-09-30,2026-09
VKV,2026-09,KATILIM BANKASI A.Ş.,DÜNYA KATILIM BANKASI A.Ş.,,KATILIM BANKASI A.Ş.,,KATILIM HESABI,100000000.0,100101369.86,1.12,standart,kap,true,pozisyon,2026-09-30,2026-09
VKV,2026-09,KATILIM BANKASI A.Ş.,ZİRAAT KATILIM BANKASI A.Ş.,,KATILIM BANKASI A.Ş.,,KATILIM HESABI,333980197.83,334300452.81,3.75,standart,kap,true,pozisyon,2026-09-30,2026-09
VPA,2026-09,HAZİNE,TRD080927T34 HAZİNE TRD080927T34,,HAZİNE,TRD080927T34,Kamu Kesimi Kira Sertifikaları,224000000.0,230564041.35,4.4,standart,kap,true,pozisyon,2026-09-30,2026-09
VPA,2026-09,ZKB VARLIK KİRALAMA A.Ş.,TRDZKBVK2610 ZKB VARLIK TRDZKBVK2610 KİRALAMA A.Ş.,,ZKB VARLIK KİRALAMA A.Ş.,TRDZKBVK2610,Özel Sektör Kira Sertifikaları,5000000.0,5439072.71,0.1,standart,kap,true,pozisyon,2026-09-30,2026-09
VPA,2026-09,HALK VARLIK KİRALAMA A.Ş.,TRDHVKAK2621 HALK VARLIK TRDHVKAK2621 KİRALAMA A.Ş.,,HALK VARLIK KİRALAMA A.Ş.,TRDHVKAK2621,Özel Sektör Kira Sertifikaları,20000000.0,21400132.72,0.41,standart,kap,true,pozisyon,2026-09-30,2026-09
VPA,2026-09,ZKB VARLIK KİRALAMA A.Ş.,TRDZKBVK2636 ZKB VARLIK TRDZKBVK2636 KİRALAMA A.Ş.,,ZKB VARLIK KİRALAMA A.Ş.,TRDZKBVK2636,Özel Sektör Kira Sertifikaları,10000000.0,10745056.73,0.2,standart,kap,true,pozisyon,2026-09-30,2026-09
VPA,2026-09,KATILIM VARLIK KİRALAMA A.Ş.,TRDKTLMA2650 KATILIM VARLIK TRDKTLMA2650 KİRALAMA A.Ş.,,KATILIM VARLIK KİRALAMA A.Ş.,TRDKTLMA2650,Özel Sektör Kira Sertifikaları,12000000.0,12841251.4,0.25,standart,kap,true,pozisyon,2026-09-30,2026-09
VPA,2026-09,KATILIM VARLIK KİRALAMA A.Ş.,TRDKTLMA2635 KATILIM VARLIK TRDKTLMA2635 KİRALAMA A.Ş.,,KATILIM VARLIK KİRALAMA A.Ş.,TRDKTLMA2635,Özel Sektör Kira Sertifikaları,5000000.0,5643403.86,0.11,standart,kap,true,pozisyon,2026-09-30,2026-09
VPA,2026-09,ZKB VARLIK KİRALAMA A.Ş.,TRDZKBVA2661 ZKB VARLIK TRDZKBVA2661 KİRALAMA A.Ş.,,ZKB VARLIK KİRALAMA A.Ş.,TRDZKBVA2661,Özel Sektör Kira Sertifikaları,5000000.0,5221098.67,0.1,standart,kap,true,pozisyon,2026-09-30,2026-09
VPA,2026-09,DK VARLIK KİRALAMA A.Ş.,TRDDKVRA2636 DK VARLIK KİRALAMA TRDDKVRA2636 A.Ş.,,DK VARLIK KİRALAMA A.Ş.,TRDDKVRA2636,Özel Sektör Kira Sertifikaları,50000000.0,51327185.02,0.98,standart,kap,true,pozisyon,2026-09-30,2026-09
VPA,2026-09,VAKIF VARLIK KİRALAMA A.Ş.,TRDVVRKA2667 VAKIF VARLIK TRDVVRKA2667 KİRALAMA A.Ş.,,VAKIF VARLIK KİRALAMA A.Ş.,TRDVVRKA2667,Özel Sektör Kira Sertifikaları,800000000.0,810648843.57,15.49,standart,kap,true,pozisyon,2026-09-30,2026-09
VPA,2026-09,ZKB VARLIK KİRALAMA A.Ş.,TRDZKBVA2653 ZKB VARLIK TRDZKBVA2653 KİRALAMA A.Ş.,,ZKB VARLIK KİRALAMA A.Ş.,TRDZKBVA2653,Özel Sektör Kira Sertifikaları,3000000.0,3157963.08,0.06,standart,kap,true,pozisyon,2026-09-30,2026-09
VPA,2026-09,ZİRAAT KATILIM VARLIK KİRALAMA A.Ş.,TRDZKVKA2629 ZİRAAT KATILIM VARLIK TRDZKVKA2629 KİRALAMA A.Ş.,,ZİRAAT KATILIM VARLIK KİRALAMA A.Ş.,TRDZKVKA2629,Özel Sektör Kira Sertifikaları,12000000.0,12316359.27,0.24,standart,kap,true,pozisyon,2026-09-30,2026-09
VPA,2026-09,HALK VARLIK KİRALAMA A.Ş.,TRDHVKAA2631 HALK VARLIK TRDHVKAA2631 KİRALAMA A.Ş.,,HALK VARLIK KİRALAMA A.Ş.,TRDHVKAA2631,Özel Sektör Kira Sertifikaları,25000000.0,25770756.26,0.49,standart,kap,true,pozisyon,2026-09-30,2026-09
VPA,2026-09,KATILIM VARLIK KİRALAMA A.Ş.,TRDKTLMA2643 KATILIM VARLIK TRDKTLMA2643 KİRALAMA A.Ş.,,KATILIM VARLIK KİRALAMA A.Ş.,TRDKTLMA2643,Özel Sektör Kira Sertifikaları,25000000.0,27661295.18,0.53,standart,kap,true,pozisyon,2026-09-30,2026-09
VPA,2026-09,DK VARLIK KİRALAMA A.Ş.,TRDDKVR12736 DK VARLIK KİRALAMA TRDDKVR12736 A.Ş.,,DK VARLIK KİRALAMA A.Ş.,TRDDKVR12736,Özel Sektör Kira Sertifikaları,50000000.0,50729825.76,0.97,standart,kap,true,pozisyon,2026-09-30,2026-09
VPA,2026-09,ZKB VARLIK KİRALAMA A.Ş.,TRDZKBV12733 ZKB VARLIK TRDZKBV12733 KİRALAMA A.Ş.,,ZKB VARLIK KİRALAMA A.Ş.,TRDZKBV12733,Özel Sektör Kira Sertifikaları,75000000.0,76063585.09,1.45,standart,kap,true,pozisyon,2026-09-30,2026-09
VPA,2026-09,DK VARLIK KİRALAMA A.Ş.,TRDDKVR12728 DK VARLIK KİRALAMA TRDDKVR12728 A.Ş.,,DK VARLIK KİRALAMA A.Ş.,TRDDKVR12728,Özel Sektör Kira Sertifikaları,1000000.0,1080667.76,0.02,standart,kap,true,pozisyon,2026-09-30,2026-09
VPA,2026-09,DK YILDIZ VARLIK KİRALAMA A.Ş.,TRDDKYL12717 DK YILDIZ VARLIK TRDDKYL12717 KİRALAMA A.Ş.,,DK YILDIZ VARLIK KİRALAMA A.Ş.,TRDDKYL12717,Özel Sektör Kira Sertifikaları,4000000.0,4248149.59,0.08,standart,kap,true,pozisyon,2026-09-30,2026-09
VPA,2026-09,NUROL VARLIK KİRALAMA A.Ş.,TRDNVKA22722 NUROL VARLIK TRDNVKA22722 KİRALAMA A.Ş.,,NUROL VARLIK KİRALAMA A.Ş.,TRDNVKA22722,Özel Sektör Kira Sertifikaları,2000000.0,2121378.16,0.04,standart,kap,true,pozisyon,2026-09-30,2026-09
VPA,2026-09,KT SUKUK VARLIK KİRALAMA A.Ş.,TRDKTSK22732 KT SUKUK VARLIK TRDKTSK22732 KİRALAMA A.Ş.,,KT SUKUK VARLIK KİRALAMA A.Ş.,TRDKTSK22732,Özel Sektör Kira Sertifikaları,10000000.0,10638402.0,0.2,standart,kap,true,pozisyon,2026-09-30,2026-09
VPA,2026-09,KATILIM VARLIK KİRALAMA A.Ş.,TRDKTLM22717 KATILIM VARLIK TRDKTLM22717 KİRALAMA A.Ş.,,KATILIM VARLIK KİRALAMA A.Ş.,TRDKTLM22717,Özel Sektör Kira Sertifikaları,21500000.0,22532083.08,0.43,standart,kap,true,pozisyon,2026-09-30,2026-09
VPA,2026-09,KATILIM VARLIK KİRALAMA A.Ş.,TRDKTLM22733 KATILIM VARLIK TRDKTLM22733 KİRALAMA A.Ş.,,KATILIM VARLIK KİRALAMA A.Ş.,TRDKTLM22733,Özel Sektör Kira Sertifikaları,7500000.0,7746782.27,0.15,standart,kap,true,pozisyon,2026-09-30,2026-09
VPA,2026-09,GY VARLIK KİRALAMA A.Ş.,TRDGYVR32712 GY VARLIK KİRALAMA TRDGYVR32712 A.Ş.,,GY VARLIK KİRALAMA A.Ş.,TRDGYVR32712,Özel Sektör Kira Sertifikaları,30000000.0,30604376.85,0.58,standart,kap,true,pozisyon,2026-09-30,2026-09
VPA,2026-09,EMLAK VARLIK KİRALAMA A.Ş.,TRDEMVK32733 EMLAK VARLIK TRDEMVK32733 KİRALAMA A.Ş.,,EMLAK VARLIK KİRALAMA A.Ş.,TRDEMVK32733,Özel Sektör Kira Sertifikaları,10000000.0,10122564.65,0.19,standart,kap,true,pozisyon,2026-09-30,2026-09
VPA,2026-09,GY VARLIK KİRALAMA A.Ş.,TRDGYVR92716 GY VARLIK KİRALAMA TRDGYVR92716 A.Ş.,,GY VARLIK KİRALAMA A.Ş.,TRDGYVR92716,Özel Sektör Kira Sertifikaları,30000000.0,30596149.93,0.58,standart,kap,true,pozisyon,2026-09-30,2026-09
VPA,2026-09,TÜRK KATILIM BANKASI A.Ş.,ALBARAKA TÜRK KATILIM BANKASI A.Ş.,,TÜRK KATILIM BANKASI A.Ş.,,KATILIM HESABI,50000000.0,53197945.21,1.02,standart,kap,true,pozisyon,2026-09-30,2026-09
VPA,2026-09,KATILIM BANKASI A.Ş.,DÜNYA KATILIM BANKASI A.Ş.,,KATILIM BANKASI A.Ş.,,KATILIM HESABI,450000000.0,450456164.38,8.6,standart,kap,true,pozisyon,2026-09-30,2026-09
VPA,2026-09,KATILIM BANKASI A.Ş.,ZİRAAT KATILIM BANKASI A.Ş.,,KATILIM BANKASI A.Ş.,,KATILIM HESABI,300479635.95,300767767.11,5.74,standart,kap,true,pozisyon,2026-09-30,2026-09
VPA,2026-09,KATILIM BANKASI A.Ş.,VAKIF KATILIM BANKASI A.Ş.,,KATILIM BANKASI A.Ş.,,KATILIM HESABI,214700000.0,214917641.1,4.1,standart,kap,true,pozisyon,2026-09-30,2026-09
VPA,2026-09,KATILIM BANKASI A.Ş.,DÜNYA KATILIM BANKASI A.Ş.,,KATILIM BANKASI A.Ş.,,KATILIM HESABI,100000000.0,104852054.79,2.0,standart,kap,true,pozisyon,2026-09-30,2026-09
VPA,2026-09,KATILIM BANKASI A.Ş.,DÜNYA KATILIM BANKASI A.Ş.,,KATILIM BANKASI A.Ş.,,KATILIM HESABI,100000000.0,102895890.41,1.96,standart,kap,true,pozisyon,2026-09-30,2026-09
VPA,2026-09,TÜRK KATILIM BANKASI A.Ş.,KUVEYT TÜRK KATILIM BANKASI A.Ş.,,TÜRK KATILIM BANKASI A.Ş.,,KATILIM HESABI,212450516.05,217898562.16,4.16,standart,kap,true,pozisyon,2026-09-30,2026-09
VPA,2026-09,TÜRK KATILIM BANKASI A.Ş.,KUVEYT TÜRK KATILIM BANKASI A.Ş.,,TÜRK KATILIM BANKASI A.Ş.,,KATILIM HESABI,131838832.87,134995740.81,2.58,standart,kap,true,pozisyon,2026-09-30,2026-09
VPA,2026-09,YATIRIM BANKASI A.Ş.,MİSYON YATIRIM BANKASI A.Ş.,,YATIRIM BANKASI A.Ş.,,KATILIM HESABI,38597694.73,39738471.04,0.76,standart,kap,true,pozisyon,2026-09-30,2026-09
VPA,2026-09,YATIRIM BANKASI A.Ş.,MİSYON YATIRIM BANKASI A.Ş.,,YATIRIM BANKASI A.Ş.,,KATILIM HESABI,132339442.15,136111116.25,2.6,standart,kap,true,pozisyon,2026-09-30,2026-09
VPA,2026-09,TÜRK KATILIM BANKASI A.Ş.,KUVEYT TÜRK KATILIM BANKASI A.Ş.,,TÜRK KATILIM BANKASI A.Ş.,,KATILIM HESABI,30000000.0,30499726.03,0.58,standart,kap,true,pozisyon,2026-09-30,2026-09
VPA,2026-09,YATIRIM BANKASI A.Ş.,MİSYON YATIRIM BANKASI A.Ş.,,YATIRIM BANKASI A.Ş.,,KATILIM HESABI,132635997.34,135996109.27,2.6,standart,kap,true,pozisyon,2026-09-30,2026-09
VPA,2026-09,TÜRK KATILIM BANKASI A.Ş.,KUVEYT TÜRK KATILIM BANKASI A.Ş.,,TÜRK KATILIM BANKASI A.Ş.,,KATILIM HESABI,35000000.0,35510136.99,0.68,standart,kap,true,pozisyon,2026-09-30,2026-09
VPA,2026-09,TÜRK KATILIM BANKASI A.Ş.,KUVEYT TÜRK KATILIM BANKASI A.Ş.,,TÜRK KATILIM BANKASI A.Ş.,,KATILIM HESABI,16217586.23,16268238.42,0.31,standart,kap,true,pozisyon,2026-09-30,2026-09
VPA,2026-09,KATILIM BANKASI A.Ş.,ZİRAAT KATILIM BANKASI A.Ş.,,KATILIM BANKASI A.Ş.,,KATILIM HESABI,200000000.0,200612328.77,3.83,standart,kap,true,pozisyon,2026-09-30,2026-09
VPA,2026-09,TÜRK KATILIM BANKASI A.Ş.,ALBARAKA TÜRK KATILIM BANKASI A.Ş.,,TÜRK KATILIM BANKASI A.Ş.,,KATILIM HESABI,53087671.23,53196464.59,1.02,standart,kap,true,pozisyon,2026-09-30,2026-09
VPA,2026-09,HAZİNE,TRD100227T11 HAZİNE TRD100227T11,,HAZİNE,TRD100227T11,Taahhüt Sözleşmesi Satış,514897260.27,514376247.61,9.82,standart,kap,true,pozisyon,2026-09-30,2026-09
VPA,2026-09,HAZİNE,TRD171127T13 HAZİNE TRD171127T13,,HAZİNE,TRD171127T13,Taahhüt Sözleşmesi Satış,515534246.58,512389259.0,9.78,standart,kap,true,pozisyon,2026-09-30,2026-09
VPA,2026-09,HAZİNE,TRD190728T16 HAZİNE TRD190728T16,,HAZİNE,TRD190728T16,Taahhüt Sözleşmesi Satış,513869863.01,513869863.01,9.81,standart,kap,true,pozisyon,2026-09-30,2026-09
