bistKodu,paySayisi,paySayisiKaynak,ozkaynak,netKar4C,netBorc,favok4C,donenVarlik,kvYukumluluk,donem,grup,kaynak,olcumTarihi
AEFES,5921052000.0,"ödenmiş sermaye, nominal 1 TL varsayımı",252419350000.0,11928792691.0,3574109000.0,16056521175.0,149313957000.0,144975815000.0,2026-06,XI_29,İş Yatırım MaliTablo,2026-09-15
AKBNK,5200000000.0,"ödenmiş sermaye, nominal 1 TL varsayımı",324746000000.0,66773181000.0,,,,,2026-06,UFRS,İş Yatırım MaliTablo,2026-09-15
AKSEN,1226338236.0,"ödenmiş sermaye, nominal 1 TL varsayımı",74809222671.0,4121596945.0,19738688294.0,4100596552.0,20100545374.0,32860180398.0,2026-06,XI_29,İş Yatırım MaliTablo,2026-09-15
ALKLC,112000000.0,"ödenmiş sermaye, nominal 1 TL varsayımı",2971045561.0,-372876415.0,2719679491.0,150694182.0,4302336175.0,4355794725.0,2026-06,XI_29,İş Yatırım MaliTablo,2026-09-15
ALTNY,1000000000.0,"ödenmiş sermaye, nominal 1 TL varsayımı",5895395978.0,68693540.0,1822561083.0,384392135.0,6060057381.0,5060081185.0,2026-06,XI_29,İş Yatırım MaliTablo,2026-09-15
ANELE,265000000.0,"ödenmiş sermaye, nominal 1 TL varsayımı",771720029.0,-2947574744.0,-158710897.0,12002266.0,9809232153.0,9268154698.0,2026-06,XI_29,İş Yatırım MaliTablo,2026-09-15
ASELS,4560000000.0,"ödenmiş sermaye, nominal 1 TL varsayımı",308524609000.0,43302655342.0,25238146000.0,7905477999.0,248765565000.0,169003469000.0,2026-06,XI_29,İş Yatırım MaliTablo,2026-09-15
ASTOR,998000000.0,"ödenmiş sermaye, nominal 1 TL varsayımı",43796220222.0,11802855440.0,2144567963.0,1512184896.0,47911637563.0,23851729411.0,2026-06,XI_29,İş Yatırım MaliTablo,2026-09-15
ATATR,802845890.0,"ödenmiş sermaye, nominal 1 TL varsayımı",7705997519.0,1131069186.0,-364906024.0,353417084.0,1302592030.0,1040593369.0,2026-06,XI_29,İş Yatırım MaliTablo,2026-09-15
BIGEN,577000000.0,"ödenmiş sermaye, nominal 1 TL varsayımı",3578010414.0,-99132404.0,800910185.0,375710760.0,344898228.0,1178879337.0,2026-06,XI_29,İş Yatırım MaliTablo,2026-09-15
BIMAS,1200000000.0,"ödenmiş sermaye, nominal 1 TL varsayımı",203137363000.0,31314488528.0,11024137000.0,30170307842.0,152411807000.0,147697793000.0,2026-06,XI_29,İş Yatırım MaliTablo,2026-09-15
BINHO,1290150000.0,"ödenmiş sermaye, nominal 1 TL varsayımı",14327909467.0,-3642737785.0,191959785.0,8198204.0,1490667921.0,1034644341.0,2026-06,XI_29,İş Yatırım MaliTablo,2026-09-15
BLUME,174710256.0,"ödenmiş sermaye, nominal 1 TL varsayımı",578956043.0,-88737318.0,36830289.0,63492103.0,451366208.0,105154855.0,2026-06,XI_29,İş Yatırım MaliTablo,2026-09-15
BOBET,380000000.0,"ödenmiş sermaye, nominal 1 TL varsayımı",7179856067.0,-1283064423.0,3831273206.0,1942255471.0,7390393062.0,7056870117.0,2026-06,XI_29,İş Yatırım MaliTablo,2026-09-15
BRSAN,141772000.0,"ödenmiş sermaye, nominal 1 TL varsayımı",43402505000.0,2696435552.0,3721545000.0,2667976397.0,52151003000.0,46965897000.0,2026-06,XI_29,İş Yatırım MaliTablo,2026-09-15
BSOKE,,,,,,,,,2026-06,XI_29,İş Yatırım MaliTablo,2026-09-15
CCOLA,2798079000.0,"ödenmiş sermaye, nominal 1 TL varsayımı",104541385000.0,24063845395.0,-3663803000.0,9421477348.0,105651591000.0,93725156000.0,2026-06,XI_29,İş Yatırım MaliTablo,2026-09-15
CIMSA,945591000.0,"ödenmiş sermaye, nominal 1 TL varsayımı",47460704000.0,4663039544.0,5337039000.0,5207053011.0,23984083000.0,27299406000.0,2026-06,XI_29,İş Yatırım MaliTablo,2026-09-15
CITAS,150000000.0,"ödenmiş sermaye, nominal 1 TL varsayımı",5684849328.0,1924080675.0,-532969987.0,173543997.0,1962657425.0,527085355.0,2026-06,XI_29,İş Yatırım MaliTablo,2026-09-15
CWENE,1078290009.0,"ödenmiş sermaye, nominal 1 TL varsayımı",17726875532.0,3383159962.0,4631080651.0,1014691214.0,21052996591.0,18358704525.0,2026-06,XI_29,İş Yatırım MaliTablo,2026-09-15
DAPGM,2650000000.0,"ödenmiş sermaye, nominal 1 TL varsayımı",17686561426.0,1025847255.0,20596386.0,51001751.0,11872851994.0,5007618942.0,2026-06,XI_29,İş Yatırım MaliTablo,2026-09-15
DSTKF,,,,,,,,,,,İş Yatırım MaliTablo: tablo yok,2026-09-15
EFOR,2178000000.0,"ödenmiş sermaye, nominal 1 TL varsayımı",5377898768.0,19452879.0,2396825052.0,188824743.0,8941844439.0,7722990701.0,2026-06,XI_29,İş Yatırım MaliTablo,2026-09-15
EGEGY,200000000.0,"ödenmiş sermaye, nominal 1 TL varsayımı",2665488806.0,1359931604.0,358439015.0,11509375.0,5084245918.0,3815472800.0,2026-06,XI_29,İş Yatırım MaliTablo,2026-09-15
EKGYO,3800000000.0,"ödenmiş sermaye, nominal 1 TL varsayımı",154331604000.0,350492873.0,-9882597000.0,201991415.0,387011301000.0,177353069000.0,2026-06,XI_29,İş Yatırım MaliTablo,2026-09-15
ENKAI,6021689000.0,"ödenmiş sermaye, nominal 1 TL varsayımı",416755566000.0,45489023254.0,-49759136000.0,7404936731.0,248557693000.0,84728253000.0,2026-06,XI_29,İş Yatırım MaliTablo,2026-09-15
EREGL,7000000000.0,"ödenmiş sermaye, nominal 1 TL varsayımı",328781051000.0,7802707033.0,-61793352000.0,15820101954.0,265474934000.0,148785900000.0,2026-06,XI_29,İş Yatırım MaliTablo,2026-09-15
EUPWR,660000000.0,"ödenmiş sermaye, nominal 1 TL varsayımı",14233189000.0,1084059085.0,1142471000.0,495105147.0,17641916000.0,8141810000.0,2026-06,XI_29,İş Yatırım MaliTablo,2026-09-15
FROTO,3509100000.0,"ödenmiş sermaye, nominal 1 TL varsayımı",179191213000.0,37370704986.0,1584411000.0,20535116933.0,238888865000.0,186133489000.0,2026-06,XI_29,İş Yatırım MaliTablo,2026-09-15
GARAN,4200000000.0,"ödenmiş sermaye, nominal 1 TL varsayımı",487168000000.0,120698488000.0,,,,,2026-06,UFRS,İş Yatırım MaliTablo,2026-09-15
GENIL,4500000000.0,"ödenmiş sermaye, nominal 1 TL varsayımı",13052868656.0,1434026658.0,5030253582.0,481245635.0,12006089268.0,9313922649.0,2026-06,XI_29,İş Yatırım MaliTablo,2026-09-15
GESAN,460000000.0,"ödenmiş sermaye, nominal 1 TL varsayımı",23442462000.0,1659945515.0,2965437000.0,644666551.0,33061531000.0,15389292000.0,2026-06,XI_29,İş Yatırım MaliTablo,2026-09-15
GIPTA,132000000.0,"ödenmiş sermaye, nominal 1 TL varsayımı",3589894914.0,-216705238.0,-1470538435.0,52280373.0,2805782927.0,448206720.0,2026-06,XI_29,İş Yatırım MaliTablo,2026-09-15
GLRMK,322600000.0,"ödenmiş sermaye, nominal 1 TL varsayımı",28377825383.0,4618232662.0,-12280189994.0,1292033227.0,69017535183.0,29260156495.0,2026-06,XI_29,İş Yatırım MaliTablo,2026-09-15
GUBRF,,,,,,,,,2026-06,XI_29,İş Yatırım MaliTablo,2026-09-15
HALKB,7185000000.0,"ödenmiş sermaye, nominal 1 TL varsayımı",234602000000.0,32827506000.0,,,,,2026-06,UFRS,İş Yatırım MaliTablo,2026-09-15
HEDEF,3000000000.0,"ödenmiş sermaye, nominal 1 TL varsayımı",7123223104.0,2334124621.0,972407145.0,16813215.0,29509016.0,984668202.0,2026-06,XI_29,İş Yatırım MaliTablo,2026-09-15
ISCTR,24999970000.0,"ödenmiş sermaye, nominal 1 TL varsayımı",453171456194.0,67663747803.0,,,,,2026-06,UFRS,İş Yatırım MaliTablo,2026-09-15
ISVEA,220000000.0,"ödenmiş sermaye, nominal 1 TL varsayımı",1635521706.0,188335263.0,1921523572.0,173579135.0,3379128530.0,2549107003.0,2026-06,XI_29,İş Yatırım MaliTablo,2026-09-15
KARCL,720000000.0,"ödenmiş sermaye, nominal 1 TL varsayımı",11284211547.0,1443201639.0,6221990641.0,371172211.0,11448989818.0,11486190405.0,2026-06,XI_29,İş Yatırım MaliTablo,2026-09-15
KARSN,900000000.0,"ödenmiş sermaye, nominal 1 TL varsayımı",8205042000.0,255645824.0,7399168000.0,915912542.0,11268526000.0,11238240000.0,2026-06,XI_29,İş Yatırım MaliTablo,2026-09-15
KCHOL,2536000000.0,"ödenmiş sermaye, nominal 1 TL varsayımı",1291998000000.0,39979041242.0,381502000000.0,85828881873.0,3615149000000.0,3995224000000.0,2026-06,XI_29,İş Yatırım MaliTablo,2026-09-15
KGYO,1000000000.0,"ödenmiş sermaye, nominal 1 TL varsayımı",1449389127.0,-881495704.0,1093530866.0,12359622.0,2239839516.0,2832162443.0,2026-06,XI_29,İş Yatırım MaliTablo,2026-09-15
KORDS,194529076.0,"ödenmiş sermaye, nominal 1 TL varsayımı",21791250825.0,-702885750.0,4209863746.0,2218747007.0,22618927317.0,18502607713.0,2026-06,XI_29,İş Yatırım MaliTablo,2026-09-15
KRDMD,780226002.0,"ödenmiş sermaye, nominal 1 TL varsayımı",74151306754.0,2910163919.0,-910337742.0,2606607872.0,32403789067.0,23181391264.0,2026-06,XI_29,İş Yatırım MaliTablo,2026-09-15
KTLEV,,,,,,,,,,,İş Yatırım MaliTablo: tablo yok,2026-09-15
KZGYO,200000000.0,"ödenmiş sermaye, nominal 1 TL varsayımı",13648801280.0,-1521551314.0,214149601.0,2816300.0,259538773.0,1229073204.0,2026-06,XI_29,İş Yatırım MaliTablo,2026-09-15
MANAS,331056000.0,"ödenmiş sermaye, nominal 1 TL varsayımı",570849023.0,-717466504.0,380878488.0,136329758.0,892769185.0,926516015.0,2026-06,XI_29,İş Yatırım MaliTablo,2026-09-15
MARTI,,,,,,,,,2026-06,XI_29,İş Yatırım MaliTablo,2026-09-15
MCARD,92600000.0,"ödenmiş sermaye, nominal 1 TL varsayımı",2734812336.0,1176866787.0,-329675265.0,331557210.0,6843757805.0,5825460106.0,2026-06,XI_29,İş Yatırım MaliTablo,2026-09-15
MGROS,181054000.0,"ödenmiş sermaye, nominal 1 TL varsayımı",93928374000.0,7305396417.0,-27575916000.0,21257879346.0,88377363000.0,110563173000.0,2026-06,XI_29,İş Yatırım MaliTablo,2026-09-15
MOBTL,1025000000.0,"ödenmiş sermaye, nominal 1 TL varsayımı",9757482707.0,846389943.0,2154037734.0,77108924.0,4641186400.0,3658441003.0,2026-06,XI_29,İş Yatırım MaliTablo,2026-09-15
NETCD,137000000.0,"ödenmiş sermaye, nominal 1 TL varsayımı",3562547307.0,1466006146.0,-670505810.0,340399410.0,1657200116.0,217464196.0,2026-06,XI_29,İş Yatırım MaliTablo,2026-09-15
ORZAX,307000000.0,"ödenmiş sermaye, nominal 1 TL varsayımı",3539480056.0,1433087656.0,3233007332.0,218914217.0,8512941587.0,5458106557.0,2026-06,XI_29,İş Yatırım MaliTablo,2026-09-15
OYAKC,4861656000.0,"ödenmiş sermaye, nominal 1 TL varsayımı",76166532000.0,8896286390.0,-9376809000.0,4421046049.0,36949472000.0,15092339000.0,2026-06,XI_29,İş Yatırım MaliTablo,2026-09-15
OZATD,71350000.0,"ödenmiş sermaye, nominal 1 TL varsayımı",4516201638.0,-525890761.0,548324449.0,345505695.0,2314002041.0,1341847730.0,2026-06,XI_29,İş Yatırım MaliTablo,2026-09-15
PEKGY,5000000000.0,"ödenmiş sermaye, nominal 1 TL varsayımı",8306228676.0,1379033365.0,8515128934.0,1540475.0,6929911092.0,8893284388.0,2026-06,XI_29,İş Yatırım MaliTablo,2026-09-15
PETKM,2534400000.0,"ödenmiş sermaye, nominal 1 TL varsayımı",75236997000.0,-4335649826.0,30007046000.0,7209768545.0,41739493000.0,70382383000.0,2026-06,XI_29,İş Yatırım MaliTablo,2026-09-15
PGSUS,500000000.0,"ödenmiş sermaye, nominal 1 TL varsayımı",112660264000.0,1142375350.0,-4194942000.0,25957042377.0,91421290000.0,108239055000.0,2026-06,XI_29,İş Yatırım MaliTablo,2026-09-15
SAHOL,2100376000.0,"ödenmiş sermaye, nominal 1 TL varsayımı",684535991000.0,20332038340.0,109764509000.0,34585498839.0,2790066761000.0,3396251394000.0,2026-06,XI_29,İş Yatırım MaliTablo,2026-09-15
SARAE,400000000.0,"ödenmiş sermaye, nominal 1 TL varsayımı",7783248501.0,1104897169.0,6284554710.0,147076606.0,13470165449.0,10098293437.0,2026-06,XI_29,İş Yatırım MaliTablo,2026-09-15
SASA,47040879000.0,"ödenmiş sermaye, nominal 1 TL varsayımı",192675743000.0,-16561311624.0,34158944000.0,9973496795.0,41999806000.0,72594744000.0,2026-06,XI_29,İş Yatırım MaliTablo,2026-09-15
SELEC,621000000.0,"ödenmiş sermaye, nominal 1 TL varsayımı",37112877712.0,2053849279.0,-163616225.0,1088020785.0,87684005356.0,62958252174.0,2026-06,XI_29,İş Yatırım MaliTablo,2026-09-15
SISE,3063214000.0,"ödenmiş sermaye, nominal 1 TL varsayımı",300151368000.0,13015970560.0,14071938000.0,20745568063.0,151299687000.0,83590530000.0,2026-06,XI_29,İş Yatırım MaliTablo,2026-09-15
SURGY,167500000.0,"ödenmiş sermaye, nominal 1 TL varsayımı",10678744092.0,-321147540.0,-32751208.0,2578897.0,2965514412.0,1133230091.0,2026-06,XI_29,İş Yatırım MaliTablo,2026-09-15
SVGYO,1083000000.0,"ödenmiş sermaye, nominal 1 TL varsayımı",4508942157.0,-105116407.0,-596571222.0,459047.0,746331505.0,76583445.0,2026-06,XI_29,İş Yatırım MaliTablo,2026-09-15
TABGD,261292000.0,"ödenmiş sermaye, nominal 1 TL varsayımı",26707587000.0,3385011662.0,-544784000.0,7172222080.0,14583776000.0,9361496000.0,2026-06,XI_29,İş Yatırım MaliTablo,2026-09-15
TATEN,1122000000.0,"ödenmiş sermaye, nominal 1 TL varsayımı",8106233820.0,-38001882.0,1278388418.0,846954700.0,674711005.0,1719406489.0,2026-06,XI_29,İş Yatırım MaliTablo,2026-09-15
TAVHL,363281000.0,"ödenmiş sermaye, nominal 1 TL varsayımı",82650413000.0,5773964238.0,9178460000.0,12007780097.0,47609649000.0,54067268000.0,2026-06,XI_29,İş Yatırım MaliTablo,2026-09-15
TCELL,2200000000.0,"ödenmiş sermaye, nominal 1 TL varsayımı",309560267000.0,23457124508.0,-52207739000.0,77567085665.0,180560002000.0,121107736000.0,2026-06,XI_29,İş Yatırım MaliTablo,2026-09-15
TEHOL,1995840000.0,"ödenmiş sermaye, nominal 1 TL varsayımı",11811345691.0,3997375008.0,393029545.0,2670758449.0,14796095115.0,12039246446.0,2026-06,XI_29,İş Yatırım MaliTablo,2026-09-15
TERA,700000000.0,"ödenmiş sermaye, nominal 1 TL varsayımı",92356276782.0,71648122994.0,-81698210.0,135004791.0,251066778392.0,158573183010.0,2026-06,XI_29,İş Yatırım MaliTablo,2026-09-15
THYAO,1380000000.0,"ödenmiş sermaye, nominal 1 TL varsayımı",1018453000000.0,133050933601.0,106911000000.0,127208075673.0,512191000000.0,566751000000.0,2026-06,XI_29,İş Yatırım MaliTablo,2026-09-15
TKNKA,100000000.0,"ödenmiş sermaye, nominal 1 TL varsayımı",3694660153.0,162317295.0,1410912501.0,406047852.0,2588616064.0,2476310336.0,2026-06,XI_29,İş Yatırım MaliTablo,2026-09-15
TMPOL,14175000.0,"ödenmiş sermaye, nominal 1 TL varsayımı",962438744.0,-117051229.0,307234044.0,126429062.0,1480630628.0,1240758115.0,2026-06,XI_29,İş Yatırım MaliTablo,2026-09-15
TOASO,500000000.0,"ödenmiş sermaye, nominal 1 TL varsayımı",65740826000.0,14525822783.0,18565480000.0,7119055349.0,152293246000.0,101307749000.0,2026-06,XI_29,İş Yatırım MaliTablo,2026-09-15
TRALT,3202500000.0,"ödenmiş sermaye, nominal 1 TL varsayımı",53153385000.0,5991918194.0,-5552203000.0,1292278020.0,24877637000.0,5268456000.0,2026-06,XI_29,İş Yatırım MaliTablo,2026-09-15
TRHOL,30000000.0,"ödenmiş sermaye, nominal 1 TL varsayımı",4729856876.0,4656633302.0,1864958.0,1677216.0,9824142528.0,2296015301.0,2026-06,XI_29,İş Yatırım MaliTablo,2026-09-15
TRMET,388080000.0,"ödenmiş sermaye, nominal 1 TL varsayımı",56723223000.0,2548053473.0,-7352174000.0,1487671534.0,25535794000.0,5703240000.0,2026-06,XI_29,İş Yatırım MaliTablo,2026-09-15
TSKB,2800000000.0,"ödenmiş sermaye, nominal 1 TL varsayımı",50251000000.0,10719766000.0,,,,,2026-06,UFRS,İş Yatırım MaliTablo,2026-09-15
TTKOM,3500000000.0,"ödenmiş sermaye, nominal 1 TL varsayımı",265254669000.0,33897848150.0,-8099793000.0,61207629653.0,109437499000.0,133562772000.0,2026-06,XI_29,İş Yatırım MaliTablo,2026-09-15
TUPRS,1926796000.0,"ödenmiş sermaye, nominal 1 TL varsayımı",463306781000.0,75627034942.0,-164083361000.0,17541169487.0,439480874000.0,325369321000.0,2026-06,XI_29,İş Yatırım MaliTablo,2026-09-15
TURSG,,,,,,,,,2026-06,UFRS,İş Yatırım MaliTablo,2026-09-15
ULKER,369276000.0,"ödenmiş sermaye, nominal 1 TL varsayımı",53696149000.0,5544061762.0,-2937550000.0,3281013939.0,96211614000.0,37975559000.0,2026-06,XI_29,İş Yatırım MaliTablo,2026-09-15
VAKBN,9916000000.0,"ödenmiş sermaye, nominal 1 TL varsayımı",353008000000.0,70095184000.0,,,,,2026-06,UFRS,İş Yatırım MaliTablo,2026-09-15
YKBNK,8447000000.0,"ödenmiş sermaye, nominal 1 TL varsayımı",286488000000.0,55352137000.0,,,,,2026-06,UFRS,İş Yatırım MaliTablo,2026-09-15
